Workbook
Name Family: [1]Sheet1!$A$2

Sheet GlobalVariables
A1: Board Thickness (in): | B1: 0.75
A2: Number of Staves: | B2: 6 | C2: Stave Bevel (180/n): | D2: =180/B2 -> 30
A3: Flare to Drone Ratio: | B3: =(1/(B2/2)) -> 0.33333333
A4: Degree of Flare (φ): | B4: 9.5
A5: Bevel Angle: | B5: =DEGREES(ASIN(SIN((90-$B$4)*PI()/180)*SIN($D$2*PI()/180))) -> 29.547359 | C5: Bevel Compliment: | D5: =90-B5 -> 60.452641
A6: Crosscut Angle: | B6: =DEGREES(ATAN(COS((90-$B$4)*PI()/180)*TAN($D$2*PI()/180))) -> 5.4432951
A7: Stave A Extra Length (in): | B7: 1
A8: Stave B Extra Length (in): | B8: 0
A9: Wood Type 1 ($/in^3) | B9: 0.15
A10: Wood Type 2 ($/in^3) | B10: 0.15
A11: Saw Blade Kerf (in): | B11: 0.095
A12: Horizontal Kerf (in): | B12: =B11/COS(PI()/$B$2) -> 0.10969655
A13: Dado Depth (in): | B13: 0.375

Sheet Design Table
A1: Key | B1: Nominal Total Length (in) | C1: Nominal Diameter (in) | D1: R - Circumradius (in) | E1: r - Inradius (in) | F1: Nominal Drone Length (in) | G1: ISWA - Inner Stave Width (in) | H1: OSWA - Outer Stave Width (in) | I1: Slant Length (in) | J1: BCR - Base Circum-Radius (in) | K1: JISW - Min Inner Width (in) | L1: JOSW - Min Outer Width (in) | M1: BISW - Max Inner Width (in) | N1: BOSW - Max Outer Width (in)
A2: 01. C3 | B2: =MROUND($F2+($F2*GlobalVariables!$B$3), 0.25) -> 36 | C2: ='Aspect Ratios'!$H6 -> 1.25 | D2: =$C2/2 -> 0.625 | E2: =$D2*COS(PI()/GlobalVariables!$B$2) -> 0.54126588 | F2: ='Aspect Ratios'!$D6 -> 26.995927 | G2: =$C2*SIN(PI()/GlobalVariables!$B$2) -> 0.625 | H2: =2*($E2+GlobalVariables!$B$1)*TAN(PI()/GlobalVariables!$B$2) -> 1.4910254 | I2: =($F2/3)/COS(GlobalVariables!$B$4*PI()/180) -> 9.1237694 | J2: =MROUND($D2+($F2/4)*TAN(GlobalVariables!$B$4*PI()/180), 0.001) -> 1.754 | K2: =$G2 -> 0.625 | L2: =$K2 +2*(0.75/COS(GlobalVariables!$D$2*PI()/180))*TAN(PI()/GlobalVariables!$B$2) -> 1.625 | M2: =$J2*SIN(PI()/GlobalVariables!$B$2) -> 0.877 | N2: =$M2+2*GlobalVariables!$B$1*TAN(PI()/GlobalVariables!$B$2) -> 1.7430254
A3: 02. B2 | B3: =MROUND($F3+($F3*GlobalVariables!$B$3), 0.25) -> 38 | C3: ='Aspect Ratios'!$H7 -> 1.25 | D3: =$C3/2 -> 0.625 | E3: =$D3*COS(PI()/GlobalVariables!$B$2) -> 0.54126588 | F3: ='Aspect Ratios'!$D7 -> 28.578478 | G3: =$C3*SIN(PI()/GlobalVariables!$B$2) -> 0.625 | H3: =2*($E3+GlobalVariables!$B$1)*TAN(PI()/GlobalVariables!$B$2) -> 1.4910254 | I3: =($F3/3)/COS(GlobalVariables!$B$4*PI()/180) -> 9.6586216 | J3: =MROUND($D3+($F3/4)*TAN(GlobalVariables!$B$4*PI()/180), 0.001) -> 1.821 | K3: =$G3 -> 0.625 | L3: =$K3 +2*(0.75/COS(GlobalVariables!$D$2*PI()/180))*TAN(PI()/GlobalVariables!$B$2) -> 1.625 | M3: =$J3*SIN(PI()/GlobalVariables!$B$2) -> 0.9105 | N3: =$M3+2*GlobalVariables!$B$1*TAN(PI()/GlobalVariables!$B$2) -> 1.7765254
A4: 03. A2# | B4: =MROUND($F4+($F4*GlobalVariables!$B$3), 0.25) -> 40.25 | C4: ='Aspect Ratios'!$H8 -> 1.25 | D4: =$C4/2 -> 0.625 | E4: =$D4*COS(PI()/GlobalVariables!$B$2) -> 0.54126588 | F4: ='Aspect Ratios'!$D8 -> 30.229968 | G4: =$C4*SIN(PI()/GlobalVariables!$B$2) -> 0.625 | H4: =2*($E4+GlobalVariables!$B$1)*TAN(PI()/GlobalVariables!$B$2) -> 1.4910254 | I4: =($F4/3)/COS(GlobalVariables!$B$4*PI()/180) -> 10.216773 | J4: =MROUND($D4+($F4/4)*TAN(GlobalVariables!$B$4*PI()/180), 0.001) -> 1.89 | K4: =$G4 -> 0.625 | L4: =$K4 +2*(0.75/COS(GlobalVariables!$D$2*PI()/180))*TAN(PI()/GlobalVariables!$B$2) -> 1.625 | M4: =$J4*SIN(PI()/GlobalVariables!$B$2) -> 0.945 | N4: =$M4+2*GlobalVariables!$B$1*TAN(PI()/GlobalVariables!$B$2) -> 1.8110254
A5: 04. A2 | B5: =MROUND($F5+($F5*GlobalVariables!$B$3), 0.25) -> 42.75 | C5: ='Aspect Ratios'!$H9 -> 1.25 | D5: =$C5/2 -> 0.625 | E5: =$D5*COS(PI()/GlobalVariables!$B$2) -> 0.54126588 | F5: ='Aspect Ratios'!$D9 -> 32.032122 | G5: =$C5*SIN(PI()/GlobalVariables!$B$2) -> 0.625 | H5: =2*($E5+GlobalVariables!$B$1)*TAN(PI()/GlobalVariables!$B$2) -> 1.4910254 | I5: =($F5/3)/COS(GlobalVariables!$B$4*PI()/180) -> 10.825844 | J5: =MROUND($D5+($F5/4)*TAN(GlobalVariables!$B$4*PI()/180), 0.001) -> 1.965 | K5: =$G5 -> 0.625 | L5: =$K5 +2*(0.75/COS(GlobalVariables!$D$2*PI()/180))*TAN(PI()/GlobalVariables!$B$2) -> 1.625 | M5: =$J5*SIN(PI()/GlobalVariables!$B$2) -> 0.9825 | N5: =$M5+2*GlobalVariables!$B$1*TAN(PI()/GlobalVariables!$B$2) -> 1.8485254
A6: 05. G2# | B6: =MROUND($F6+($F6*GlobalVariables!$B$3), 0.25) -> 45.25 | C6: ='Aspect Ratios'!$H10 -> 1.5 | D6: =$C6/2 -> 0.75 | E6: =$D6*COS(PI()/GlobalVariables!$B$2) -> 0.64951905 | F6: ='Aspect Ratios'!$D10 -> 33.991548 | G6: =$C6*SIN(PI()/GlobalVariables!$B$2) -> 0.75 | H6: =2*($E6+GlobalVariables!$B$1)*TAN(PI()/GlobalVariables!$B$2) -> 1.6160254 | I6: =($F6/3)/COS(GlobalVariables!$B$4*PI()/180) -> 11.488068 | J6: =MROUND($D6+($F6/4)*TAN(GlobalVariables!$B$4*PI()/180), 0.001) -> 2.172 | K6: =$G6 -> 0.75 | L6: =$K6 +2*(0.75/COS(GlobalVariables!$D$2*PI()/180))*TAN(PI()/GlobalVariables!$B$2) -> 1.75 | M6: =$J6*SIN(PI()/GlobalVariables!$B$2) -> 1.086 | N6: =$M6+2*GlobalVariables!$B$1*TAN(PI()/GlobalVariables!$B$2) -> 1.9520254
A7: 06. G2 | B7: =MROUND($F7+($F7*GlobalVariables!$B$3), 0.25) -> 48 | C7: ='Aspect Ratios'!$H11 -> 1.5 | D7: =$C7/2 -> 0.75 | E7: =$D7*COS(PI()/GlobalVariables!$B$2) -> 0.64951905 | F7: ='Aspect Ratios'!$D11 -> 35.983505 | G7: =$C7*SIN(PI()/GlobalVariables!$B$2) -> 0.75 | H7: =2*($E7+GlobalVariables!$B$1)*TAN(PI()/GlobalVariables!$B$2) -> 1.6160254 | I7: =($F7/3)/COS(GlobalVariables!$B$4*PI()/180) -> 12.161286 | J7: =MROUND($D7+($F7/4)*TAN(GlobalVariables!$B$4*PI()/180), 0.001) -> 2.255 | K7: =$G7 -> 0.75 | L7: =$K7 +2*(0.75/COS(GlobalVariables!$D$2*PI()/180))*TAN(PI()/GlobalVariables!$B$2) -> 1.75 | M7: =$J7*SIN(PI()/GlobalVariables!$B$2) -> 1.1275 | N7: =$M7+2*GlobalVariables!$B$1*TAN(PI()/GlobalVariables!$B$2) -> 1.9935254
A8: 07. F2# | B8: =MROUND($F8+($F8*GlobalVariables!$B$3), 0.25) -> 50.75 | C8: ='Aspect Ratios'!$H12 -> 1.5 | D8: =$C8/2 -> 0.75 | E8: =$D8*COS(PI()/GlobalVariables!$B$2) -> 0.64951905 | F8: ='Aspect Ratios'!$D12 -> 38.096308 | G8: =$C8*SIN(PI()/GlobalVariables!$B$2) -> 0.75 | H8: =2*($E8+GlobalVariables!$B$1)*TAN(PI()/GlobalVariables!$B$2) -> 1.6160254 | I8: =($F8/3)/COS(GlobalVariables!$B$4*PI()/180) -> 12.875347 | J8: =MROUND($D8+($F8/4)*TAN(GlobalVariables!$B$4*PI()/180), 0.001) -> 2.344 | K8: =$G8 -> 0.75 | L8: =$K8 +2*(0.75/COS(GlobalVariables!$D$2*PI()/180))*TAN(PI()/GlobalVariables!$B$2) -> 1.75 | M8: =$J8*SIN(PI()/GlobalVariables!$B$2) -> 1.172 | N8: =$M8+2*GlobalVariables!$B$1*TAN(PI()/GlobalVariables!$B$2) -> 2.0380254
A9: 08. F2 | B9: =MROUND($F9+($F9*GlobalVariables!$B$3), 0.25) -> 53.75 | C9: ='Aspect Ratios'!$H13 -> 1.5 | D9: =$C9/2 -> 0.75 | E9: =$D9*COS(PI()/GlobalVariables!$B$2) -> 0.64951905 | F9: ='Aspect Ratios'!$D13 -> 40.334131 | G9: =$C9*SIN(PI()/GlobalVariables!$B$2) -> 0.75 | H9: =2*($E9+GlobalVariables!$B$1)*TAN(PI()/GlobalVariables!$B$2) -> 1.6160254 | I9: =($F9/3)/COS(GlobalVariables!$B$4*PI()/180) -> 13.63166 | J9: =MROUND($D9+($F9/4)*TAN(GlobalVariables!$B$4*PI()/180), 0.001) -> 2.437 | K9: =$G9 -> 0.75 | L9: =$K9 +2*(0.75/COS(GlobalVariables!$D$2*PI()/180))*TAN(PI()/GlobalVariables!$B$2) -> 1.75 | M9: =$J9*SIN(PI()/GlobalVariables!$B$2) -> 1.2185 | N9: =$M9+2*GlobalVariables!$B$1*TAN(PI()/GlobalVariables!$B$2) -> 2.0845254
A10: 09. E2 | B10: =MROUND($F10+($F10*GlobalVariables!$B$3), 0.25) -> 57 | C10: ='Aspect Ratios'!$H14 -> 1.75 | D10: =$C10/2 -> 0.875 | E10: =$D10*COS(PI()/GlobalVariables!$B$2) -> 0.75777223 | F10: ='Aspect Ratios'!$D14 -> 42.780594 | G10: =$C10*SIN(PI()/GlobalVariables!$B$2) -> 0.875 | H10: =2*($E10+GlobalVariables!$B$1)*TAN(PI()/GlobalVariables!$B$2) -> 1.7410254 | I10: =($F10/3)/COS(GlobalVariables!$B$4*PI()/180) -> 14.458487 | J10: =MROUND($D10+($F10/4)*TAN(GlobalVariables!$B$4*PI()/180), 0.001) -> 2.665 | K10: =$G10 -> 0.875 | L10: =$K10 +2*(0.75/COS(GlobalVariables!$D$2*PI()/180))*TAN(PI()/GlobalVariables!$B$2) -> 1.875 | M10: =$J10*SIN(PI()/GlobalVariables!$B$2) -> 1.3325 | N10: =$M10+2*GlobalVariables!$B$1*TAN(PI()/GlobalVariables!$B$2) -> 2.1985254
A11: 10. D2# | B11: =MROUND($F11+($F11*GlobalVariables!$B$3), 0.25) -> 60.5 | C11: ='Aspect Ratios'!$H15 -> 1.75 | D11: =$C11/2 -> 0.875 | E11: =$D11*COS(PI()/GlobalVariables!$B$2) -> 0.75777223 | F11: ='Aspect Ratios'!$D15 -> 45.295937 | G11: =$C11*SIN(PI()/GlobalVariables!$B$2) -> 0.875 | H11: =2*($E11+GlobalVariables!$B$1)*TAN(PI()/GlobalVariables!$B$2) -> 1.7410254 | I11: =($F11/3)/COS(GlobalVariables!$B$4*PI()/180) -> 15.308594 | J11: =MROUND($D11+($F11/4)*TAN(GlobalVariables!$B$4*PI()/180), 0.001) -> 2.77 | K11: =$G11 -> 0.875 | L11: =$K11 +2*(0.75/COS(GlobalVariables!$D$2*PI()/180))*TAN(PI()/GlobalVariables!$B$2) -> 1.875 | M11: =$J11*SIN(PI()/GlobalVariables!$B$2) -> 1.385 | N11: =$M11+2*GlobalVariables!$B$1*TAN(PI()/GlobalVariables!$B$2) -> 2.2510254
A12: 11. D2 | B12: =MROUND($F12+($F12*GlobalVariables!$B$3), 0.25) -> 64 | C12: ='Aspect Ratios'!$H16 -> 1.75 | D12: =$C12/2 -> 0.875 | E12: =$D12*COS(PI()/GlobalVariables!$B$2) -> 0.75777223 | F12: ='Aspect Ratios'!$D16 -> 47.95463 | G12: =$C12*SIN(PI()/GlobalVariables!$B$2) -> 0.875 | H12: =2*($E12+GlobalVariables!$B$1)*TAN(PI()/GlobalVariables!$B$2) -> 1.7410254 | I12: =($F12/3)/COS(GlobalVariables!$B$4*PI()/180) -> 16.207148 | J12: =MROUND($D12+($F12/4)*TAN(GlobalVariables!$B$4*PI()/180), 0.001) -> 2.881 | K12: =$G12 -> 0.875 | L12: =$K12 +2*(0.75/COS(GlobalVariables!$D$2*PI()/180))*TAN(PI()/GlobalVariables!$B$2) -> 1.875 | M12: =$J12*SIN(PI()/GlobalVariables!$B$2) -> 1.4405 | N12: =$M12+2*GlobalVariables!$B$1*TAN(PI()/GlobalVariables!$B$2) -> 2.3065254
A13: 12. C2# | B13: =MROUND($F13+($F13*GlobalVariables!$B$3), 0.25) -> 67.75 | C13: ='Aspect Ratios'!$H17 -> 2 | D13: =$C13/2 -> 1 | E13: =$D13*COS(PI()/GlobalVariables!$B$2) -> 0.8660254 | F13: ='Aspect Ratios'!$D17 -> 50.849401 | G13: =$C13*SIN(PI()/GlobalVariables!$B$2) -> 1 | H13: =2*($E13+GlobalVariables!$B$1)*TAN(PI()/GlobalVariables!$B$2) -> 1.8660254 | I13: =($F13/3)/COS(GlobalVariables!$B$4*PI()/180) -> 17.185489 | J13: =MROUND($D13+($F13/4)*TAN(GlobalVariables!$B$4*PI()/180), 0.001) -> 3.127 | K13: =$G13 -> 1 | L13: =$K13 +2*(0.75/COS(GlobalVariables!$D$2*PI()/180))*TAN(PI()/GlobalVariables!$B$2) -> 2 | M13: =$J13*SIN(PI()/GlobalVariables!$B$2) -> 1.5635 | N13: =$M13+2*GlobalVariables!$B$1*TAN(PI()/GlobalVariables!$B$2) -> 2.4295254
... A22: 21. E1 | B22: =MROUND($F22+($F22*GlobalVariables!$B$3), 0.25) -> 113.75 | C22: ='Aspect Ratios'!$H26 -> 2.5 | D22: =$C22/2 -> 1.25 | E22: =$D22*COS(PI()/GlobalVariables!$B$2) -> 1.0825318 | F22: ='Aspect Ratios'!$D26 -> 85.271443 | G22: =$C22*SIN(PI()/GlobalVariables!$B$2) -> 1.25 | H22: =2*($E22+GlobalVariables!$B$1)*TAN(PI()/GlobalVariables!$B$2) -> 2.1160254 | I22: =($F22/3)/COS(GlobalVariables!$B$4*PI()/180) -> 28.81905 | J22: =MROUND($D22+($F22/4)*TAN(GlobalVariables!$B$4*PI()/180), 0.001) -> 4.817 | K22: =$G22 -> 1.25 | L22: =$K22 +2*(0.75/COS(GlobalVariables!$D$2*PI()/180))*TAN(PI()/GlobalVariables!$B$2) -> 2.25 | M22: =$J22*SIN(PI()/GlobalVariables!$B$2) -> 2.4085 | N22: =$M22+2*GlobalVariables!$B$1*TAN(PI()/GlobalVariables!$B$2) -> 3.2745254
A23: 22. D1# | B23: =MROUND($F23+($F23*GlobalVariables!$B$3), 0.25) -> 120.5 | C23: ='Aspect Ratios'!$H27 -> 2.5 | D23: =$C23/2 -> 1.25 | E23: =$D23*COS(PI()/GlobalVariables!$B$2) -> 1.0825318 | F23: ='Aspect Ratios'!$D$27 -> 90.291874 | G23: =$C23*SIN(PI()/GlobalVariables!$B$2) -> 1.25 | H23: =2*($E23+GlobalVariables!$B$1)*TAN(PI()/GlobalVariables!$B$2) -> 2.1160254 | I23: =($F23/3)/COS(GlobalVariables!$B$4*PI()/180) -> 30.515797 | J23: =MROUND($D23+($F23/4)*TAN(GlobalVariables!$B$4*PI()/180), 0.001) -> 5.027 | K23: =$G23 -> 1.25 | L23: =$K23 +2*(0.75/COS(GlobalVariables!$D$2*PI()/180))*TAN(PI()/GlobalVariables!$B$2) -> 2.25 | M23: =$J23*SIN(PI()/GlobalVariables!$B$2) -> 2.5135 | N23: =$M23+2*GlobalVariables!$B$1*TAN(PI()/GlobalVariables!$B$2) -> 3.3795254
A24: 23. D1 | B24: =MROUND($F24+($F24*GlobalVariables!$B$3), 0.25) -> 127.5 | C24: ='Aspect Ratios'!$H28 -> 2.5 | D24: =$C24/2 -> 1.25 | E24: =$D24*COS(PI()/GlobalVariables!$B$2) -> 1.0825318 | F24: ='Aspect Ratios'!$D$28 -> 95.609261 | G24: =$C24*SIN(PI()/GlobalVariables!$B$2) -> 1.25 | H24: =2*($E24+GlobalVariables!$B$1)*TAN(PI()/GlobalVariables!$B$2) -> 2.1160254 | I24: =($F24/3)/COS(GlobalVariables!$B$4*PI()/180) -> 32.312906 | J24: =MROUND($D24+($F24/4)*TAN(GlobalVariables!$B$4*PI()/180), 0.001) -> 5.25 | K24: =$G24 -> 1.25 | L24: =$K24 +2*(0.75/COS(GlobalVariables!$D$2*PI()/180))*TAN(PI()/GlobalVariables!$B$2) -> 2.25 | M24: =$J24*SIN(PI()/GlobalVariables!$B$2) -> 2.625 | N24: =$M24+2*GlobalVariables!$B$1*TAN(PI()/GlobalVariables!$B$2) -> 3.4910254
A25: 24. C1# | B25: =MROUND($F25+($F25*GlobalVariables!$B$3), 0.25) -> 135 | C25: ='Aspect Ratios'!$H29 -> 2.5 | D25: =$C25/2 -> 1.25 | E25: =$D25*COS(PI()/GlobalVariables!$B$2) -> 1.0825318 | F25: ='Aspect Ratios'!$D$29 -> 101.2488 | G25: =$C25*SIN(PI()/GlobalVariables!$B$2) -> 1.25 | H25: =2*($E25+GlobalVariables!$B$1)*TAN(PI()/GlobalVariables!$B$2) -> 2.1160254 | I25: =($F25/3)/COS(GlobalVariables!$B$4*PI()/180) -> 34.218892 | J25: =MROUND($D25+($F25/4)*TAN(GlobalVariables!$B$4*PI()/180), 0.001) -> 5.486 | K25: =$G25 -> 1.25 | L25: =$K25 +2*(0.75/COS(GlobalVariables!$D$2*PI()/180))*TAN(PI()/GlobalVariables!$B$2) -> 2.25 | M25: =$J25*SIN(PI()/GlobalVariables!$B$2) -> 2.743 | N25: =$M25+2*GlobalVariables!$B$1*TAN(PI()/GlobalVariables!$B$2) -> 3.6090254
A26: 25. C1 | B26: =MROUND($F26+($F26*GlobalVariables!$B$3), 0.25) -> 143 | C26: ='Aspect Ratios'!$H30 -> 2.5 | D26: =$C26/2 -> 1.25 | E26: =$D26*COS(PI()/GlobalVariables!$B$2) -> 1.0825318 | F26: ='Aspect Ratios'!$D$30 -> 107.24185 | G26: =$C26*SIN(PI()/GlobalVariables!$B$2) -> 1.25 | H26: =2*($E26+GlobalVariables!$B$1)*TAN(PI()/GlobalVariables!$B$2) -> 2.1160254 | I26: =($F26/3)/COS(GlobalVariables!$B$4*PI()/180) -> 36.244353 | J26: =MROUND($D26+($F26/4)*TAN(GlobalVariables!$B$4*PI()/180), 0.001) -> 5.737 | K26: =$G26 -> 1.25 | L26: =$K26 +2*(0.75/COS(GlobalVariables!$D$2*PI()/180))*TAN(PI()/GlobalVariables!$B$2) -> 2.25 | M26: =$J26*SIN(PI()/GlobalVariables!$B$2) -> 2.8685 | N26: =$M26+2*GlobalVariables!$B$1*TAN(PI()/GlobalVariables!$B$2) -> 3.7345254
L27: double check "0.75"?

Sheet Aspect Ratios
B1: Temperature (°C) | D1: 37
B2: Speed of Sound (m/s) | D2: =331.6 + 0.6*$D$1 -> 353.8
B3: X Factor | D3: 0.3
A5: Key | B5: Frequency (Hz) | C5: Wavelength (in) | D5: Build Length (in) | E5: ID AR 26:1 | F5: ID AR 24:1 | G5: ID AR 22:1 | H5: Build ID (in) | I5: Actual Aspect Ratio:
A6: 01. C3 | B6: 130.81 | C6: =$D$2/(4*B6)*100/2.54 -> 26.620927 | D6: =C6+$D$3*H6 -> 26.995927 | E6: =$D6/26 -> 1.0383049 | F6: =$D6/24 -> 1.1248303 | G6: =$D6/22 -> 1.2270876 | H6: 1.25 | I6: =D6/H6 -> 21.596742
A7: 02. B2 | B7: 123.47 | C7: =$D$2/(4*B7)*100/2.54 -> 28.203478 | D7: =C7+$D$3*H7 -> 28.578478 | E7: =$D7/26 -> 1.0991722 | F7: =$D7/24 -> 1.1907699 | G7: =$D7/22 -> 1.2990217 | H7: 1.25 | I7: =D7/H7 -> 22.862783
A8: 03. A2# | B8: 116.64 | C8: =$D$2/(4*B8)*100/2.54 -> 29.854968 | D8: =C8+$D$3*H8 -> 30.229968 | E8: =$D8/26 -> 1.1626911 | F8: =$D8/24 -> 1.259582 | G8: =$D8/22 -> 1.3740895 | H8: 1.25 | I8: =D8/H8 -> 24.183974
A9: 04. A2 | B9: 110 | C9: =$D$2/(4*B9)*100/2.54 -> 31.657122 | D9: =C9+$D$3*H9 -> 32.032122 | E9: =$D9/26 -> 1.2320047 | F9: =$D9/24 -> 1.3346718 | G9: =$D9/22 -> 1.4560056 | H9: 1.25 | I9: =D9/H9 -> 25.625698
A10: 05. G2# | B10: 103.82 | C10: =$D$2/(4*B10)*100/2.54 -> 33.541548 | D10: =C10+$D$3*H10 -> 33.991548 | E10: =$D10/26 -> 1.3073672 | F10: =$D10/24 -> 1.4163145 | G10: =$D10/22 -> 1.5450703 | H10: 1.5 | I10: =D10/H10 -> 22.661032
A11: 06. G2 | B11: 98 | C11: =$D$2/(4*B11)*100/2.54 -> 35.533505 | D11: =C11+$D$3*H11 -> 35.983505 | E11: =$D11/26 -> 1.383981 | F11: =$D11/24 -> 1.4993127 | G11: =$D11/22 -> 1.6356139 | H11: 1.5 | I11: =D11/H11 -> 23.989003
A12: 07. F2# | B12: 92.5 | C12: =$D$2/(4*B12)*100/2.54 -> 37.646308 | D12: =C12+$D$3*H12 -> 38.096308 | E12: =$D12/26 -> 1.4652426 | F12: =$D12/24 -> 1.5873462 | G12: =$D12/22 -> 1.7316504 | H12: 1.5 | I12: =D12/H12 -> 25.397538
A13: 08. F2 | B13: 87.31 | C13: =$D$2/(4*B13)*100/2.54 -> 39.884131 | D13: =C13+$D$3*H13 -> 40.334131 | E13: =$D13/26 -> 1.5513127 | F13: =$D13/24 -> 1.6805888 | G13: =$D13/22 -> 1.8333696 | H13: 1.5 | I13: =D13/H13 -> 26.889421
A14: 09. E2 | B14: 82.41 | C14: =$D$2/(4*B14)*100/2.54 -> 42.255594 | D14: =C14+$D$3*H14 -> 42.780594 | E14: =$D14/26 -> 1.6454074 | F14: =$D14/24 -> 1.7825247 | G14: =$D14/22 -> 1.9445724 | H14: 1.75 | I14: =D14/H14 -> 24.446053
A15: 10. D2# | B15: 77.78 | C15: =$D$2/(4*B15)*100/2.54 -> 44.770937 | D15: =C15+$D$3*H15 -> 45.295937 | E15: =$D15/26 -> 1.7421514 | F15: =$D15/24 -> 1.8873307 | G15: =$D15/22 -> 2.0589062 | H15: 1.75 | I15: =D15/H15 -> 25.883392
A16: 11. D2 | B16: 73.42 | C16: =$D$2/(4*B16)*100/2.54 -> 47.42963 | D16: =C16+$D$3*H16 -> 47.95463 | E16: =$D16/26 -> 1.8444089 | F16: =$D16/24 -> 1.9981096 | G16: =$D16/22 -> 2.1797559 | H16: 1.75 | I16: =D16/H16 -> 27.402646
A17: 12. C2# | B17: 69.3 | C17: =$D$2/(4*B17)*100/2.54 -> 50.249401 | D17: =C17+$D$3*H17 -> 50.849401 | E17: =$D17/26 -> 1.9557462 | F17: =$D17/24 -> 2.118725 | G17: =$D17/22 -> 2.3113364 | H17: 2 | I17: =D17/H17 -> 25.4247
... A30: 25. C1 | B30: 32.7 | C30: =$D$2/(4*B30)*100/2.54 -> 106.49185 | D30: =C30+$D$3*H30 -> 107.24185 | E30: =$D30/26 -> 4.1246865 | F30: =$D30/24 -> 4.4684104 | G30: =$D30/22 -> 4.8746295 | H30: 2.5 | I30: =D30/H30 -> 42.89674

Sheet Method
A1: Step | B1: Tool | C1: Set Up | D1: Stave | E1: Face
A2: Lengthwise Straight Edge Rip | B2: Radial Arm Saw | C2: Conserve AMAP
A3: Stencil | B3: Pencil & Tape Measure | D3: A & B | E3: none
A4: Rip: A1, A2, A3 | B4: Radial Arm Saw | C4: 30 degree bevel rip | D4: A | E4: Right & Left
A5: Rip: B1-B3 | B5: Radial Arm Saw | C5: 30 degree bevel rip | D5: B | E5: Right
A6: Xcut: Tops of A1-A3 | B6: Radial Arm Saw | C6: 90 degree Xcut | D6: A | E6: Top
A7: Xcut: Tops and Bottoms of B1-B3 | B7: Radial Arm Saw
A8: Dowel Bore into end grain: A1-A3 | B8: Drill Press | C8: 1/4" Bit
A9: Dowel Bore w/ 9.5 degree Jig: B1-B3 | B9: Drill Press | C9: 1/4" Bit
A10: 45 Miter: A1-A3 | B10: Radial Arm Saw
A11: Flute: A1-A3 | B11: Router
A12: 35.5 Miter: Tops of B1-B3 | B12: Radial Arm Saw
A13: 41419
A14: Screw the work above, just send it to a CNC Shop
A15: http://www.thiedewoodworks.com/
A17: Sheet Size
A18: Length | B18: Width | C18: Price/Sheet | D18: Price per square foot
A19: 4 | B19: 8 | C19: 29 | D19: =(C19/(A19*B19)) -> 0.90625
A20: 5 | B20: 8 | C20: 34 | D20: =(C20/(A20*B20)) -> 0.85
A21: 4 | B21: 10 | C21: 37 | D21: =(C21/(A21*B21)) -> 0.925
A22: 3 | B22: 12 | C22: 35 | D22: =(C22/(A22*B22)) -> 0.97222222
A23: 5 | B23: 5 | C23: 27 | D23: =(C23/(A23*B23)) -> 1.08
A30: Stencil Information
A31: Stenciled on Endgrain | B31: \ A1 / | C31: / A2 \ | D31: \ A3 / | E31: /B1:B3\ | I31: Glue Up:
A32: Stenciled on Face | I32: A1 | L32: B1
A33: Wood Type 1 | C33: Wood Type 2 | I33: A1 | L33: B1
A34: A1 | C34: A1 | I34: A2 | L34: B2
A35: A2 - Finish Side Down | C35: A2 - Finish Side Down | I35: A2 | L35: B2
A36: A3 | C36: A3 | I36: A3 | L36: B3
A37: B1:B3 - Finish Side Down | C37: B1:B3 - Finish Side Down | I37: A3 | L37: B3
A38: Note: A2 & B1:B3 are oriented with finish side down when looking at stenciled face of board.
